{"accuracy": [0.6899666786193848, 0.9232666492462158, 0.95333331823349, 0.966866672039032, 0.973883330821991, 0.9781166911125183, 0.9821666479110718, 0.9847333431243896, 0.9865000247955322, 0.988099992275238, 0.9896833300590515, 0.9913166761398315, 0.9923833608627319, 0.9929666519165039, 0.9943000078201294, 0.9954333305358887, 0.9960333108901978, 0.9964500069618225, 0.9973499774932861, 0.9976666569709778, 0.997783362865448, 0.998033344745636, 0.9988166689872742, 0.9989333152770996, 0.9991499781608582], "loss": [1.0544120073318481, 0.2605630159378052, 0.15235957503318787, 0.11135735362768173, 0.08888448029756546, 0.0739017203450203, 0.06154607981443405, 0.053636614233255386, 0.04688176140189171, 0.040578775107860565, 0.03608770668506622, 0.03147457540035248, 0.0278636384755373, 0.024115348234772682, 0.02120951935648918, 0.018656054511666298, 0.01602444425225258, 0.014272366650402546, 0.012140673585236073, 0.010980474762618542, 0.010064163245260715, 0.009197050705552101, 0.0073303962126374245, 0.006840899121016264, 0.0059218015521764755], "val_accuracy": [0.4327000081539154, 0.11349999904632568, 0.11349999904632568, 0.11349999904632568, 0.11349999904632568, 0.11349999904632568, 0.11349999904632568, 0.11349999904632568, 0.11349999904632568, 0.11349999904632568, 0.11349999904632568, 0.11349999904632568, 0.11349999904632568, 0.11349999904632568, 0.11349999904632568, 0.11349999904632568, 0.11349999904632568, 0.11349999904632568, 0.11349999904632568, 0.1136000007390976, 0.11649999767541885, 0.12770000100135803, 0.1501999944448471, 0.18729999661445618, 0.23880000412464142], "val_loss": [2.1209733486175537, 2.237469434738159, 2.5893354415893555, 2.988100528717041, 3.3483386039733887, 3.7015719413757324, 4.047776222229004, 4.348694324493408, 4.660999774932861, 4.845664978027344, 4.991086483001709, 5.114375114440918, 5.368922710418701, 5.440177917480469, 5.439977169036865, 5.384586811065674, 5.3303070068359375, 5.291606426239014, 5.104805946350098, 4.85396146774292, 4.701680660247803, 4.214315414428711, 3.6986305713653564, 3.077507734298706, 2.6410999298095703]}