{"accuracy": [0.9806666374206543, 0.9842666387557983, 0.9878333210945129, 0.9894166588783264, 0.9916499853134155, 0.9928666949272156, 0.9939333200454712, 0.9952999949455261, 0.9955833554267883, 0.99631667137146, 0.996649980545044, 0.9978166818618774, 0.9973499774932861, 0.9978500008583069, 0.9983166456222534, 0.998449981212616, 0.9985499978065491, 0.9988166689872742, 0.9987999796867371, 0.9986000061035156, 0.9986333250999451, 0.9983333349227905, 0.9988999962806702, 0.9989333152770996, 0.9991499781608582, 0.9989500045776367, 0.9988499879837036, 0.9989500045776367, 0.9988333582878113, 0.9989500045776367, 0.9991999864578247, 0.9994833469390869, 0.9995333552360535, 0.9994833469390869, 0.9996333122253418, 0.9997333288192749, 0.9994333386421204, 0.9990166425704956, 0.9990000128746033, 0.9991333484649658, 0.9991499781608582, 0.9992499947547913, 0.9992833137512207, 0.9995499849319458, 0.9995833039283752, 0.9994166493415833, 0.9994833469390869, 0.9993333220481873, 0.9994666576385498, 0.9995499849319458], "loss": [0.06329047679901123, 0.051336195319890976, 0.041763316839933395, 0.0347866527736187, 0.02709297463297844, 0.023416263982653618, 0.019374078139662743, 0.015900759026408195, 0.013687684200704098, 0.011796234175562859, 0.011365692131221294, 0.008463654667139053, 0.008758587762713432, 0.0074299052357673645, 0.005991481710225344, 0.005788456182926893, 0.005189722869545221, 0.004549546167254448, 0.00450210552662611, 0.004761022981256247, 0.00456093717366457, 0.005332031287252903, 0.0039112684316933155, 0.003800624515861273, 0.0032373876310884953, 0.003225933061912656, 0.00397733086720109, 0.0035897823981940746, 0.003916255664080381, 0.003671210026368499, 0.003116712672635913, 0.0020888145081698895, 0.0018697569612413645, 0.002258824650198221, 0.0016663896385580301, 0.00127994897775352, 0.0019174040062353015, 0.002906491281464696, 0.003062440315261483, 0.0028216156642884016, 0.0025543237570673227, 0.002489661332219839, 0.0023556062951684, 0.0017107566818594933, 0.0014940330293029547, 0.0017610688228160143, 0.002097839955240488, 0.002013981807976961, 0.0018960331799462438, 0.0015868365298956633], "val_accuracy": [0.11349999904632568, 0.11349999904632568, 0.11420000344514847, 0.14579999446868896, 0.40619999170303345, 0.758899986743927, 0.8180000185966492, 0.9517999887466431, 0.9663000106811523, 0.9811999797821045, 0.9821000099182129, 0.9796000123023987, 0.986299991607666, 0.9854000210762024, 0.9861999750137329, 0.9871000051498413, 0.9804999828338623, 0.9847999811172485, 0.9857000112533569, 0.9843999743461609, 0.983299970626831, 0.9846000075340271, 0.9861000180244446, 0.9850000143051147, 0.9857000112533569, 0.9860000014305115, 0.9848999977111816, 0.9857000112533569, 0.9864000082015991, 0.9835000038146973, 0.9811000227928162, 0.9853000044822693, 0.9824000000953674, 0.9836000204086304, 0.9865999817848206, 0.9876999855041504, 0.9817000031471252, 0.9858999848365784, 0.9833999872207642, 0.987500011920929, 0.9843999743461609, 0.9847000241279602, 0.9865000247955322, 0.9884999990463257, 0.9872999787330627, 0.979200005531311, 0.9857000112533569, 0.9836000204086304, 0.987500011920929, 0.9818999767303467], "val_loss": [5.0852837562561035, 5.47499942779541, 4.623850345611572, 3.346195697784424, 1.8580843210220337, 0.6954344511032104, 0.5346025228500366, 0.15270757675170898, 0.10556481778621674, 0.06638425588607788, 0.06117378547787666, 0.07177463918924332, 0.04932175576686859, 0.05537095293402672, 0.058812499046325684, 0.04760204255580902, 0.0896027684211731, 0.05823881924152374, 0.05874546617269516, 0.062004756182432175, 0.066460981965065, 0.05790828913450241, 0.060748931020498276, 0.06519562005996704, 0.06608586758375168, 0.0636635571718216, 0.06403416395187378, 0.06340868771076202, 0.061754029244184494, 0.07677104324102402, 0.09010632336139679, 0.06927265226840973, 0.08275216072797775, 0.07089729607105255, 0.06324231624603271, 0.062191907316446304, 0.09689267724752426, 0.06727911531925201, 0.07284945994615555, 0.06492200493812561, 0.0732676237821579, 0.07370253652334213, 0.07458803057670593, 0.05357248708605766, 0.059577617794275284, 0.0995418056845665, 0.07083088904619217, 0.08309948444366455, 0.06351856887340546, 0.09300611168146133]}